date,actual,prediction,fold,model
2024-07-03,2496.66,2267.46,0,SeasonalNaive
2024-07-04,2894.96,2892.99,0,SeasonalNaive
2024-07-05,3578.67,3872.89,0,SeasonalNaive
2024-07-06,4423.26,4551.82,0,SeasonalNaive
2024-07-07,3258.2,3248.46,0,SeasonalNaive
2024-07-08,2166.64,2355.11,0,SeasonalNaive
2024-07-09,2194.66,2306.16,0,SeasonalNaive
2024-07-10,2357.94,2496.66,1,SeasonalNaive
2024-07-11,2660.77,2894.96,1,SeasonalNaive
2024-07-12,3434.05,3578.67,1,SeasonalNaive
2024-07-13,4701.75,4423.26,1,SeasonalNaive
2024-07-14,3326.39,3258.2,1,SeasonalNaive
2024-07-15,2357.82,2166.64,1,SeasonalNaive
2024-07-16,2496.26,2194.66,1,SeasonalNaive
2024-07-17,2414.34,2357.94,2,SeasonalNaive
2024-07-18,3412.96,2660.77,2,SeasonalNaive
2024-07-19,3673.88,3434.05,2,SeasonalNaive
2024-07-20,4323.68,4701.75,2,SeasonalNaive
2024-07-21,2935.82,3326.39,2,SeasonalNaive
2024-07-22,2293.76,2357.82,2,SeasonalNaive
2024-07-23,2264.38,2496.26,2,SeasonalNaive
2024-07-24,2395.51,2414.34,3,SeasonalNaive
2024-07-25,3098.16,3412.96,3,SeasonalNaive
2024-07-26,3778.58,3673.88,3,SeasonalNaive
2024-07-27,4293.64,4323.68,3,SeasonalNaive
2024-07-28,2779.78,2935.82,3,SeasonalNaive
2024-07-29,2266.29,2293.76,3,SeasonalNaive
2024-07-30,2065.62,2264.38,3,SeasonalNaive
2024-07-31,2267.21,2395.51,4,SeasonalNaive
2024-08-01,2512.01,3098.16,4,SeasonalNaive
2024-08-02,5013.51,3778.58,4,SeasonalNaive
2024-08-03,4081.11,4293.64,4,SeasonalNaive
2024-08-04,2920.94,2779.78,4,SeasonalNaive
2024-08-05,2039.19,2266.29,4,SeasonalNaive
2024-08-06,2046.89,2065.62,4,SeasonalNaive
2024-08-07,2453.8,2267.21,5,SeasonalNaive
2024-08-08,2764.15,2512.01,5,SeasonalNaive
2024-08-09,3839.63,5013.51,5,SeasonalNaive
2024-08-10,4112.37,4081.11,5,SeasonalNaive
2024-08-11,3175.27,2920.94,5,SeasonalNaive
2024-08-12,1981.09,2039.19,5,SeasonalNaive
2024-08-13,1926.11,2046.89,5,SeasonalNaive
2024-08-14,2409.69,2453.8,6,SeasonalNaive
2024-08-15,2370.21,2764.15,6,SeasonalNaive
2024-08-16,3923.54,3839.63,6,SeasonalNaive
2024-08-17,4734.57,4112.37,6,SeasonalNaive
2024-08-18,3136.3,3175.27,6,SeasonalNaive
2024-08-19,2354.16,1981.09,6,SeasonalNaive
2024-08-20,2127.2,1926.11,6,SeasonalNaive
2024-08-21,1975.72,2409.69,7,SeasonalNaive
2024-08-22,2776.22,2370.21,7,SeasonalNaive
2024-08-23,3645.08,3923.54,7,SeasonalNaive
2024-08-24,5018.45,4734.57,7,SeasonalNaive
2024-08-25,2976.8,3136.3,7,SeasonalNaive
2024-08-26,2498.31,2354.16,7,SeasonalNaive
2024-08-27,1746.42,2127.2,7,SeasonalNaive
2024-08-28,2152.0,1975.72,8,SeasonalNaive
2024-08-29,2696.46,2776.22,8,SeasonalNaive
2024-08-30,3775.37,3645.08,8,SeasonalNaive
2024-08-31,4249.67,5018.45,8,SeasonalNaive
2024-09-01,2648.51,2976.8,8,SeasonalNaive
2024-09-02,1952.45,2498.31,8,SeasonalNaive
2024-09-03,2250.79,1746.42,8,SeasonalNaive
2024-09-04,2021.9,2152.0,9,SeasonalNaive
2024-09-05,2275.58,2696.46,9,SeasonalNaive
2024-09-06,3331.84,3775.37,9,SeasonalNaive
2024-09-07,4319.91,4249.67,9,SeasonalNaive
2024-09-08,2772.97,2648.51,9,SeasonalNaive
2024-09-09,2043.54,1952.45,9,SeasonalNaive
2024-09-10,2127.69,2250.79,9,SeasonalNaive
2024-09-11,2025.16,2021.9,10,SeasonalNaive
2024-09-12,2517.38,2275.58,10,SeasonalNaive
2024-09-13,3850.55,3331.84,10,SeasonalNaive
2024-09-14,3922.22,4319.91,10,SeasonalNaive
2024-09-15,2966.73,2772.97,10,SeasonalNaive
2024-09-16,2406.74,2043.54,10,SeasonalNaive
2024-09-17,1908.09,2127.69,10,SeasonalNaive
2024-09-18,2454.75,2025.16,11,SeasonalNaive
2024-09-19,2642.64,2517.38,11,SeasonalNaive
2024-09-20,3457.03,3850.55,11,SeasonalNaive
2024-09-21,4759.41,3922.22,11,SeasonalNaive
2024-09-22,3338.5,2966.73,11,SeasonalNaive
2024-09-23,2221.25,2406.74,11,SeasonalNaive
2024-09-24,1867.62,1908.09,11,SeasonalNaive
2024-09-25,2260.55,2454.75,12,SeasonalNaive
2024-09-26,2845.83,2642.64,12,SeasonalNaive
2024-09-27,3753.06,3457.03,12,SeasonalNaive
2024-09-28,3720.49,4759.41,12,SeasonalNaive
2024-09-29,3447.21,3338.5,12,SeasonalNaive
2024-09-30,2129.57,2221.25,12,SeasonalNaive
2024-10-01,1747.34,1867.62,12,SeasonalNaive
2024-10-02,2471.09,2260.55,13,SeasonalNaive
2024-10-03,3227.12,2845.83,13,SeasonalNaive
2024-10-04,3838.64,3753.06,13,SeasonalNaive
2024-10-05,4782.52,3720.49,13,SeasonalNaive
2024-10-06,2874.08,3447.21,13,SeasonalNaive
2024-10-07,1781.91,2129.57,13,SeasonalNaive
2024-10-08,1858.94,1747.34,13,SeasonalNaive
2024-10-09,2302.29,2471.09,14,SeasonalNaive
2024-10-10,2435.86,3227.12,14,SeasonalNaive
2024-10-11,3297.44,3838.64,14,SeasonalNaive
2024-10-12,4558.33,4782.52,14,SeasonalNaive
2024-10-13,3000.44,2874.08,14,SeasonalNaive
2024-10-14,1821.2,1781.91,14,SeasonalNaive
2024-10-15,1891.43,1858.94,14,SeasonalNaive
2024-10-16,2536.57,2302.29,15,SeasonalNaive
2024-10-17,2344.02,2435.86,15,SeasonalNaive
2024-10-18,3814.34,3297.44,15,SeasonalNaive
2024-10-19,4335.3,4558.33,15,SeasonalNaive
2024-10-20,3271.9,3000.44,15,SeasonalNaive
2024-10-21,2253.7,1821.2,15,SeasonalNaive
2024-10-22,2091.09,1891.43,15,SeasonalNaive
2024-10-23,2441.98,2536.57,16,SeasonalNaive
2024-10-24,2341.4,2344.02,16,SeasonalNaive
2024-10-25,3900.9,3814.34,16,SeasonalNaive
2024-10-26,3806.15,4335.3,16,SeasonalNaive
2024-10-27,3234.71,3271.9,16,SeasonalNaive
2024-10-28,2134.72,2253.7,16,SeasonalNaive
2024-10-29,2413.42,2091.09,16,SeasonalNaive
2024-10-30,2361.21,2441.98,17,SeasonalNaive
2024-10-31,2427.75,2341.4,17,SeasonalNaive
2024-11-01,3218.43,3900.9,17,SeasonalNaive
2024-11-02,4889.13,3806.15,17,SeasonalNaive
2024-11-03,3317.39,3234.71,17,SeasonalNaive
2024-11-04,2546.25,2134.72,17,SeasonalNaive
2024-11-05,2022.09,2413.42,17,SeasonalNaive
2024-11-06,2072.94,2361.21,18,SeasonalNaive
2024-11-07,2846.15,2427.75,18,SeasonalNaive
2024-11-08,3540.66,3218.43,18,SeasonalNaive
2024-11-09,4715.28,4889.13,18,SeasonalNaive
2024-11-10,2809.95,3317.39,18,SeasonalNaive
2024-11-11,2456.94,2546.25,18,SeasonalNaive
2024-11-12,1933.71,2022.09,18,SeasonalNaive
2024-11-13,2323.64,2072.94,19,SeasonalNaive
2024-11-14,2720.19,2846.15,19,SeasonalNaive
2024-11-15,3382.42,3540.66,19,SeasonalNaive
2024-11-16,4749.71,4715.28,19,SeasonalNaive
2024-11-17,3613.91,2809.95,19,SeasonalNaive
2024-11-18,2315.84,2456.94,19,SeasonalNaive
2024-11-19,2214.23,1933.71,19,SeasonalNaive
2024-11-20,1916.66,2323.64,20,SeasonalNaive
2024-11-21,3015.49,2720.19,20,SeasonalNaive
2024-11-22,3684.64,3382.42,20,SeasonalNaive
2024-11-23,4352.31,4749.71,20,SeasonalNaive
2024-11-24,3819.2,3613.91,20,SeasonalNaive
2024-11-25,2253.46,2315.84,20,SeasonalNaive
2024-11-26,2527.48,2214.23,20,SeasonalNaive
2024-11-27,2460.79,1916.66,21,SeasonalNaive
2024-11-28,2412.23,3015.49,21,SeasonalNaive
2024-11-29,3511.23,3684.64,21,SeasonalNaive
2024-11-30,4708.68,4352.31,21,SeasonalNaive
2024-12-01,2646.54,3819.2,21,SeasonalNaive
2024-12-02,2466.57,2253.46,21,SeasonalNaive
2024-12-03,2409.09,2527.48,21,SeasonalNaive
2024-12-04,3198.68,2460.79,22,SeasonalNaive
2024-12-05,3107.38,2412.23,22,SeasonalNaive
2024-12-06,3761.81,3511.23,22,SeasonalNaive
2024-12-07,5203.68,4708.68,22,SeasonalNaive
2024-12-08,3459.9,2646.54,22,SeasonalNaive
2024-12-09,2662.85,2466.57,22,SeasonalNaive
2024-12-10,2113.75,2409.09,22,SeasonalNaive
2024-12-11,2908.44,3198.68,23,SeasonalNaive
2024-12-12,2887.61,3107.38,23,SeasonalNaive
2024-12-13,3661.59,3761.81,23,SeasonalNaive
2024-12-14,4800.68,5203.68,23,SeasonalNaive
2024-12-15,3577.36,3459.9,23,SeasonalNaive
2024-12-16,2593.56,2662.85,23,SeasonalNaive
2024-12-17,2674.92,2113.75,23,SeasonalNaive
2024-12-18,2576.17,2908.44,24,SeasonalNaive
2024-12-19,3150.53,2887.61,24,SeasonalNaive
2024-12-20,4141.35,3661.59,24,SeasonalNaive
2024-12-21,4779.42,4800.68,24,SeasonalNaive
2024-12-22,3474.05,3577.36,24,SeasonalNaive
2024-12-23,2518.12,2593.56,24,SeasonalNaive
2024-12-24,2486.61,2674.92,24,SeasonalNaive
2024-12-25,2180.93,2576.17,25,SeasonalNaive
2024-12-26,4464.62,3150.53,25,SeasonalNaive
2024-12-27,4265.62,4141.35,25,SeasonalNaive
2024-12-28,5544.85,4779.42,25,SeasonalNaive
2024-12-29,3614.67,3474.05,25,SeasonalNaive
2024-12-30,2516.53,2518.12,25,SeasonalNaive
2024-12-31,2439.55,2486.61,25,SeasonalNaive
2024-07-03,2496.66,2559.6892347730873,0,"SARIMAX_airline_(0,1,1)(0,1,1,7)"
2024-07-04,2894.96,2877.727065387684,0,"SARIMAX_airline_(0,1,1)(0,1,1,7)"
2024-07-05,3578.67,3842.773223841409,0,"SARIMAX_airline_(0,1,1)(0,1,1,7)"
2024-07-06,4423.26,4471.032905585623,0,"SARIMAX_airline_(0,1,1)(0,1,1,7)"
2024-07-07,3258.2,3170.868012658083,0,"SARIMAX_airline_(0,1,1)(0,1,1,7)"
2024-07-08,2166.64,2339.7574619318493,0,"SARIMAX_airline_(0,1,1)(0,1,1,7)"
2024-07-09,2194.66,2228.6445319029067,0,"SARIMAX_airline_(0,1,1)(0,1,1,7)"
2024-07-10,2357.94,2527.1682578755713,1,"SARIMAX_airline_(0,1,1)(0,1,1,7)"
2024-07-11,2660.77,2845.811507327684,1,"SARIMAX_airline_(0,1,1)(0,1,1,7)"
2024-07-12,3434.05,3808.716497131855,1,"SARIMAX_airline_(0,1,1)(0,1,1,7)"
2024-07-13,4701.75,4438.656983310451,1,"SARIMAX_airline_(0,1,1)(0,1,1,7)"
2024-07-14,3326.39,3139.5077127729373,1,"SARIMAX_airline_(0,1,1)(0,1,1,7)"
2024-07-15,2357.82,2306.4034793251467,1,"SARIMAX_airline_(0,1,1)(0,1,1,7)"
2024-07-16,2496.26,2196.345504232953,1,"SARIMAX_airline_(0,1,1)(0,1,1,7)"
2024-07-17,2414.34,2552.8322465409246,2,"SARIMAX_airline_(0,1,1)(0,1,1,7)"
2024-07-18,3412.96,2871.333503882653,2,"SARIMAX_airline_(0,1,1)(0,1,1,7)"
2024-07-19,3673.88,3832.7980686311084,2,"SARIMAX_airline_(0,1,1)(0,1,1,7)"
2024-07-20,4323.68,4467.728065436342,2,"SARIMAX_airline_(0,1,1)(0,1,1,7)"
2024-07-21,2935.82,3167.954427681988,2,"SARIMAX_airline_(0,1,1)(0,1,1,7)"
2024-07-22,2293.76,2333.743262192373,2,"SARIMAX_airline_(0,1,1)(0,1,1,7)"
2024-07-23,2264.38,2225.561665575234,2,"SARIMAX_airline_(0,1,1)(0,1,1,7)"
2024-07-24,2395.51,2539.968578330815,3,"SARIMAX_airline_(0,1,1)(0,1,1,7)"
2024-07-25,3098.16,2863.595620605636,3,"SARIMAX_airline_(0,1,1)(0,1,1,7)"
2024-07-26,3778.58,3819.802611099676,3,"SARIMAX_airline_(0,1,1)(0,1,1,7)"
2024-07-27,4293.64,4454.716594556949,3,"SARIMAX_airline_(0,1,1)(0,1,1,7)"
2024-07-28,2779.78,3154.3322828869786,3,"SARIMAX_airline_(0,1,1)(0,1,1,7)"
2024-07-29,2266.29,2321.6244802354613,3,"SARIMAX_airline_(0,1,1)(0,1,1,7)"
2024-07-30,2065.62,2214.0215666820986,3,"SARIMAX_airline_(0,1,1)(0,1,1,7)"
2024-07-31,2267.21,2483.715442976,4,"SARIMAX_airline_(0,1,1)(0,1,1,7)"
2024-08-01,2512.01,2810.178886302936,4,"SARIMAX_airline_(0,1,1)(0,1,1,7)"
2024-08-02,5013.51,4098.322170406784,4,"SARIMAX_airline_(0,1,1)(0,1,1,7)"
2024-08-03,4081.11,4398.269044042832,4,"SARIMAX_airline_(0,1,1)(0,1,1,7)"
2024-08-04,2920.94,3405.4274966233475,4,"SARIMAX_airline_(0,1,1)(0,1,1,7)"
2024-08-05,2039.19,2266.020767343423,4,"SARIMAX_airline_(0,1,1)(0,1,1,7)"
2024-08-06,2046.89,2157.7273261791147,4,"SARIMAX_airline_(0,1,1)(0,1,1,7)"
2024-08-07,2453.8,2422.2035588716835,5,"SARIMAX_airline_(0,1,1)(0,1,1,7)"
2024-08-08,2764.15,2748.679170615437,5,"SARIMAX_airline_(0,1,1)(0,1,1,7)"
2024-08-09,3839.63,3711.8972350369313,5,"SARIMAX_airline_(0,1,1)(0,1,1,7)"
2024-08-10,4112.37,4459.89568978154,5,"SARIMAX_airline_(0,1,1)(0,1,1,7)"
2024-08-11,3175.27,3173.575298446485,5,"SARIMAX_airline_(0,1,1)(0,1,1,7)"
2024-08-12,1981.09,2204.2087887466196,5,"SARIMAX_airline_(0,1,1)(0,1,1,7)"
2024-08-13,1926.11,2096.6787532004646,5,"SARIMAX_airline_(0,1,1)(0,1,1,7)"
2024-08-14,2409.69,2704.5582712484998,6,"SARIMAX_airline_(0,1,1)(0,1,1,7)"
2024-08-15,2370.21,2699.279272497849,6,"SARIMAX_airline_(0,1,1)(0,1,1,7)"
2024-08-16,3923.54,3663.3809340090065,6,"SARIMAX_airline_(0,1,1)(0,1,1,7)"
2024-08-17,4734.57,4531.066592713155,6,"SARIMAX_airline_(0,1,1)(0,1,1,7)"
2024-08-18,3136.3,2978.9465147888623,6,"SARIMAX_airline_(0,1,1)(0,1,1,7)"
2024-08-19,2354.16,2470.0496269271357,6,"SARIMAX_airline_(0,1,1)(0,1,1,7)"
2024-08-20,2127.2,2045.3341757981952,6,"SARIMAX_airline_(0,1,1)(0,1,1,7)"
2024-08-21,1975.72,2379.308408261018,7,"SARIMAX_airline_(0,1,1)(0,1,1,7)"
2024-08-22,2776.22,2705.6855484885155,7,"SARIMAX_airline_(0,1,1)(0,1,1,7)"
2024-08-23,3645.08,3674.082008632643,7,"SARIMAX_airline_(0,1,1)(0,1,1,7)"
2024-08-24,5018.45,4754.739769021488,7,"SARIMAX_airline_(0,1,1)(0,1,1,7)"
2024-08-25,2976.8,2989.1492478451864,7,"SARIMAX_airline_(0,1,1)(0,1,1,7)"
2024-08-26,2498.31,2669.814188634558,7,"SARIMAX_airline_(0,1,1)(0,1,1,7)"
2024-08-27,1746.42,2054.800865506717,7,"SARIMAX_airline_(0,1,1)(0,1,1,7)"
2024-08-28,2152.0,2330.5052820659744,8,"SARIMAX_airline_(0,1,1)(0,1,1,7)"
2024-08-29,2696.46,2660.433825653495,8,"SARIMAX_airline_(0,1,1)(0,1,1,7)"
2024-08-30,3775.37,3628.0101274459976,8,"SARIMAX_airline_(0,1,1)(0,1,1,7)"
2024-08-31,4249.67,4721.755398414699,8,"SARIMAX_airline_(0,1,1)(0,1,1,7)"
2024-09-01,2648.51,2942.8717933732096,8,"SARIMAX_airline_(0,1,1)(0,1,1,7)"
2024-09-02,1952.45,2112.712770294075,8,"SARIMAX_airline_(0,1,1)(0,1,1,7)"
2024-09-03,2250.79,2498.324413545131,8,"SARIMAX_airline_(0,1,1)(0,1,1,7)"
2024-09-04,2021.9,2234.863390724321,9,"SARIMAX_airline_(0,1,1)(0,1,1,7)"
2024-09-05,2275.58,2566.347978678147,9,"SARIMAX_airline_(0,1,1)(0,1,1,7)"
2024-09-06,3331.84,3534.7928053624873,9,"SARIMAX_airline_(0,1,1)(0,1,1,7)"
2024-09-07,4319.91,4298.54645907003,9,"SARIMAX_airline_(0,1,1)(0,1,1,7)"
2024-09-08,2772.97,3037.7218367517116,9,"SARIMAX_airline_(0,1,1)(0,1,1,7)"
2024-09-09,2043.54,2017.588443018635,9,"SARIMAX_airline_(0,1,1)(0,1,1,7)"
2024-09-10,2127.69,1910.5156778524508,9,"SARIMAX_airline_(0,1,1)(0,1,1,7)"
2024-09-11,2025.16,2196.1868049045443,10,"SARIMAX_airline_(0,1,1)(0,1,1,7)"
2024-09-12,2517.38,2526.787655493095,10,"SARIMAX_airline_(0,1,1)(0,1,1,7)"
2024-09-13,3850.55,3495.826344405372,10,"SARIMAX_airline_(0,1,1)(0,1,1,7)"
2024-09-14,3922.22,4110.072245048548,10,"SARIMAX_airline_(0,1,1)(0,1,1,7)"
2024-09-15,2966.73,3052.0348210566235,10,"SARIMAX_airline_(0,1,1)(0,1,1,7)"
2024-09-16,2406.74,2176.7770254277452,10,"SARIMAX_airline_(0,1,1)(0,1,1,7)"
2024-09-17,1908.09,1874.8785028268162,10,"SARIMAX_airline_(0,1,1)(0,1,1,7)"
2024-09-18,2454.75,2211.921286913953,11,"SARIMAX_airline_(0,1,1)(0,1,1,7)"
2024-09-19,2642.64,2543.7883957821186,11,"SARIMAX_airline_(0,1,1)(0,1,1,7)"
2024-09-20,3457.03,3515.437731049664,11,"SARIMAX_airline_(0,1,1)(0,1,1,7)"
2024-09-21,4759.41,4484.553109758047,11,"SARIMAX_airline_(0,1,1)(0,1,1,7)"
2024-09-22,3338.5,3209.744362811979,11,"SARIMAX_airline_(0,1,1)(0,1,1,7)"
2024-09-23,2221.25,1998.5779620192193,11,"SARIMAX_airline_(0,1,1)(0,1,1,7)"
2024-09-24,1867.62,1891.8560206222228,11,"SARIMAX_airline_(0,1,1)(0,1,1,7)"
2024-09-25,2260.55,2276.830858043697,12,"SARIMAX_airline_(0,1,1)(0,1,1,7)"
2024-09-26,2845.83,2943.6442121632563,12,"SARIMAX_airline_(0,1,1)(0,1,1,7)"
2024-09-27,3753.06,3578.500516279293,12,"SARIMAX_airline_(0,1,1)(0,1,1,7)"
2024-09-28,3720.49,4187.910847663101,12,"SARIMAX_airline_(0,1,1)(0,1,1,7)"
2024-09-29,3447.21,3214.0353404040443,12,"SARIMAX_airline_(0,1,1)(0,1,1,7)"
2024-09-30,2129.57,2063.246083870318,12,"SARIMAX_airline_(0,1,1)(0,1,1,7)"
2024-10-01,1747.34,1954.7770279279907,12,"SARIMAX_airline_(0,1,1)(0,1,1,7)"
2024-10-02,2471.09,2251.637053870166,13,"SARIMAX_airline_(0,1,1)(0,1,1,7)"
2024-10-03,3227.12,2792.095693699367,13,"SARIMAX_airline_(0,1,1)(0,1,1,7)"
2024-10-04,3838.64,3554.968093661313,13,"SARIMAX_airline_(0,1,1)(0,1,1,7)"
2024-10-05,4782.52,4331.546460468162,13,"SARIMAX_airline_(0,1,1)(0,1,1,7)"
2024-10-06,2874.08,2861.225895918166,13,"SARIMAX_airline_(0,1,1)(0,1,1,7)"
2024-10-07,1781.91,2038.483875230158,13,"SARIMAX_airline_(0,1,1)(0,1,1,7)"
2024-10-08,1858.94,2253.3491664420567,13,"SARIMAX_airline_(0,1,1)(0,1,1,7)"
2024-10-09,2302.29,2279.7144009947897,14,"SARIMAX_airline_(0,1,1)(0,1,1,7)"
2024-10-10,2435.86,2612.2940557226584,14,"SARIMAX_airline_(0,1,1)(0,1,1,7)"
2024-10-11,3297.44,3583.9481435239422,14,"SARIMAX_airline_(0,1,1)(0,1,1,7)"
2024-10-12,4558.33,4550.473812846944,14,"SARIMAX_airline_(0,1,1)(0,1,1,7)"
2024-10-13,3000.44,2885.130055364197,14,"SARIMAX_airline_(0,1,1)(0,1,1,7)"
2024-10-14,1821.2,2062.6570985254048,14,"SARIMAX_airline_(0,1,1)(0,1,1,7)"
2024-10-15,1891.43,1951.4955020964237,14,"SARIMAX_airline_(0,1,1)(0,1,1,7)"
2024-10-16,2536.57,2234.7616406484703,15,"SARIMAX_airline_(0,1,1)(0,1,1,7)"
2024-10-17,2344.02,2565.9192340413015,15,"SARIMAX_airline_(0,1,1)(0,1,1,7)"
2024-10-18,3814.34,3536.820025755706,15,"SARIMAX_airline_(0,1,1)(0,1,1,7)"
2024-10-19,4335.3,4452.535727322601,15,"SARIMAX_airline_(0,1,1)(0,1,1,7)"
2024-10-20,3271.9,3112.0570486193155,15,"SARIMAX_airline_(0,1,1)(0,1,1,7)"
2024-10-21,2253.7,2015.7735888500317,15,"SARIMAX_airline_(0,1,1)(0,1,1,7)"
2024-10-22,2091.09,1905.932402140079,15,"SARIMAX_airline_(0,1,1)(0,1,1,7)"
2024-10-23,2441.98,2303.012489254197,16,"SARIMAX_airline_(0,1,1)(0,1,1,7)"
2024-10-24,2341.4,2630.5340302744435,16,"SARIMAX_airline_(0,1,1)(0,1,1,7)"
2024-10-25,3900.9,3604.8267393633337,16,"SARIMAX_airline_(0,1,1)(0,1,1,7)"
2024-10-26,3806.15,4204.807867787755,16,"SARIMAX_airline_(0,1,1)(0,1,1,7)"
2024-10-27,3234.71,3191.2773274915135,16,"SARIMAX_airline_(0,1,1)(0,1,1,7)"
2024-10-28,2134.72,2083.6896352875483,16,"SARIMAX_airline_(0,1,1)(0,1,1,7)"
2024-10-29,2413.42,2431.173718589016,16,"SARIMAX_airline_(0,1,1)(0,1,1,7)"
2024-10-30,2361.21,2291.624105644426,17,"SARIMAX_airline_(0,1,1)(0,1,1,7)"
2024-10-31,2427.75,2616.33072087327,17,"SARIMAX_airline_(0,1,1)(0,1,1,7)"
2024-11-01,3218.43,3594.6374571969764,17,"SARIMAX_airline_(0,1,1)(0,1,1,7)"
2024-11-02,4889.13,4509.543417264103,17,"SARIMAX_airline_(0,1,1)(0,1,1,7)"
2024-11-03,3317.39,3239.812376080025,17,"SARIMAX_airline_(0,1,1)(0,1,1,7)"
2024-11-04,2546.25,2357.986896836298,17,"SARIMAX_airline_(0,1,1)(0,1,1,7)"
2024-11-05,2022.09,1960.9290268713996,17,"SARIMAX_airline_(0,1,1)(0,1,1,7)"
2024-11-06,2072.94,2316.5224707588636,18,"SARIMAX_airline_(0,1,1)(0,1,1,7)"
2024-11-07,2846.15,2639.7939337340567,18,"SARIMAX_airline_(0,1,1)(0,1,1,7)"
2024-11-08,3540.66,3616.9533120239444,18,"SARIMAX_airline_(0,1,1)(0,1,1,7)"
2024-11-09,4715.28,4520.788107002754,18,"SARIMAX_airline_(0,1,1)(0,1,1,7)"
2024-11-10,2809.95,2918.934180818105,18,"SARIMAX_airline_(0,1,1)(0,1,1,7)"
2024-11-11,2456.94,2097.031179514252,18,"SARIMAX_airline_(0,1,1)(0,1,1,7)"
2024-11-12,1933.71,1985.4646203555728,18,"SARIMAX_airline_(0,1,1)(0,1,1,7)"
2024-11-13,2323.64,2342.646442527001,19,"SARIMAX_airline_(0,1,1)(0,1,1,7)"
2024-11-14,2720.19,2668.8477585257197,19,"SARIMAX_airline_(0,1,1)(0,1,1,7)"
2024-11-15,3382.42,3644.0854119307533,19,"SARIMAX_airline_(0,1,1)(0,1,1,7)"
2024-11-16,4749.71,4531.781335412309,19,"SARIMAX_airline_(0,1,1)(0,1,1,7)"
2024-11-17,3613.91,3131.9020359482797,19,"SARIMAX_airline_(0,1,1)(0,1,1,7)"
2024-11-18,2315.84,2364.964120518614,19,"SARIMAX_airline_(0,1,1)(0,1,1,7)"
2024-11-19,2214.23,2012.956187555479,19,"SARIMAX_airline_(0,1,1)(0,1,1,7)"
2024-11-20,1916.66,2398.950318820532,20,"SARIMAX_airline_(0,1,1)(0,1,1,7)"
2024-11-21,3015.49,3001.447011963883,20,"SARIMAX_airline_(0,1,1)(0,1,1,7)"
2024-11-22,3684.64,3698.7124009003915,20,"SARIMAX_airline_(0,1,1)(0,1,1,7)"
2024-11-23,4352.31,4558.130688694704,20,"SARIMAX_airline_(0,1,1)(0,1,1,7)"
2024-11-24,3819.2,3386.023005822686,20,"SARIMAX_airline_(0,1,1)(0,1,1,7)"
2024-11-25,2253.46,2183.3136420084343,20,"SARIMAX_airline_(0,1,1)(0,1,1,7)"
2024-11-26,2527.48,2499.5498618035485,20,"SARIMAX_airline_(0,1,1)(0,1,1,7)"
2024-11-27,2460.79,2400.509968917485,21,"SARIMAX_airline_(0,1,1)(0,1,1,7)"
2024-11-28,2412.23,2730.4020715212873,21,"SARIMAX_airline_(0,1,1)(0,1,1,7)"
2024-11-29,3511.23,3703.3394999219663,21,"SARIMAX_airline_(0,1,1)(0,1,1,7)"
2024-11-30,4708.68,4304.987734243469,21,"SARIMAX_airline_(0,1,1)(0,1,1,7)"
2024-12-01,2646.54,3014.017113654085,21,"SARIMAX_airline_(0,1,1)(0,1,1,7)"
2024-12-02,2466.57,2474.7092915620246,21,"SARIMAX_airline_(0,1,1)(0,1,1,7)"
2024-12-03,2409.09,2315.1850657277046,21,"SARIMAX_airline_(0,1,1)(0,1,1,7)"
2024-12-04,3198.68,2605.5724150962506,22,"SARIMAX_airline_(0,1,1)(0,1,1,7)"
2024-12-05,3107.38,2709.7507089041037,22,"SARIMAX_airline_(0,1,1)(0,1,1,7)"
2024-12-06,3761.81,3683.5672749186397,22,"SARIMAX_airline_(0,1,1)(0,1,1,7)"
2024-12-07,5203.68,4477.307675421808,22,"SARIMAX_airline_(0,1,1)(0,1,1,7)"
2024-12-08,3459.9,3365.734575460015,22,"SARIMAX_airline_(0,1,1)(0,1,1,7)"
2024-12-09,2662.85,2169.868825466223,22,"SARIMAX_airline_(0,1,1)(0,1,1,7)"
2024-12-10,2113.75,2057.520152962971,22,"SARIMAX_airline_(0,1,1)(0,1,1,7)"
2024-12-11,2908.44,2558.438585301355,23,"SARIMAX_airline_(0,1,1)(0,1,1,7)"
2024-12-12,2887.61,2884.7736229536076,23,"SARIMAX_airline_(0,1,1)(0,1,1,7)"
2024-12-13,3661.59,3856.518504837213,23,"SARIMAX_airline_(0,1,1)(0,1,1,7)"
2024-12-14,4800.68,4726.641883132664,23,"SARIMAX_airline_(0,1,1)(0,1,1,7)"
2024-12-15,3577.36,3358.6023090326325,23,"SARIMAX_airline_(0,1,1)(0,1,1,7)"
2024-12-16,2593.56,2588.643517433993,23,"SARIMAX_airline_(0,1,1)(0,1,1,7)"
2024-12-17,2674.92,2437.492342718677,23,"SARIMAX_airline_(0,1,1)(0,1,1,7)"
2024-12-18,2576.17,2617.250656443349,24,"SARIMAX_airline_(0,1,1)(0,1,1,7)"
2024-12-19,3150.53,2941.130335343373,24,"SARIMAX_airline_(0,1,1)(0,1,1,7)"
2024-12-20,4141.35,3911.5567221883357,24,"SARIMAX_airline_(0,1,1)(0,1,1,7)"
2024-12-21,4779.42,4735.201602150845,24,"SARIMAX_airline_(0,1,1)(0,1,1,7)"
2024-12-22,3474.05,3501.6429804832887,24,"SARIMAX_airline_(0,1,1)(0,1,1,7)"
2024-12-23,2518.12,2401.8576397383276,24,"SARIMAX_airline_(0,1,1)(0,1,1,7)"
2024-12-24,2486.61,2288.3636921678817,24,"SARIMAX_airline_(0,1,1)(0,1,1,7)"
2024-12-25,2180.93,3192.0494066822184,25,"SARIMAX_airline_(0,1,1)(0,1,1,7)"
2024-12-26,4464.62,3517.5393238299957,25,"SARIMAX_airline_(0,1,1)(0,1,1,7)"
2024-12-27,4265.62,3973.521507827237,25,"SARIMAX_airline_(0,1,1)(0,1,1,7)"
2024-12-28,5544.85,4582.885338832785,25,"SARIMAX_airline_(0,1,1)(0,1,1,7)"
2024-12-29,3614.67,3510.2646611847263,25,"SARIMAX_airline_(0,1,1)(0,1,1,7)"
2024-12-30,2516.53,2462.9630633116835,25,"SARIMAX_airline_(0,1,1)(0,1,1,7)"
2024-12-31,2439.55,2350.059682071783,25,"SARIMAX_airline_(0,1,1)(0,1,1,7)"
2024-07-03,2496.66,2558.9216102168734,0,"SARIMAX_+AR1_(1,1,1)(0,1,1,7)"
2024-07-04,2894.96,2878.348830774946,0,"SARIMAX_+AR1_(1,1,1)(0,1,1,7)"
2024-07-05,3578.67,3843.3577581423942,0,"SARIMAX_+AR1_(1,1,1)(0,1,1,7)"
2024-07-06,4423.26,4471.619042906689,0,"SARIMAX_+AR1_(1,1,1)(0,1,1,7)"
2024-07-07,3258.2,3171.441984934234,0,"SARIMAX_+AR1_(1,1,1)(0,1,1,7)"
2024-07-08,2166.64,2340.310768460489,0,"SARIMAX_+AR1_(1,1,1)(0,1,1,7)"
2024-07-09,2194.66,2229.2033709287343,0,"SARIMAX_+AR1_(1,1,1)(0,1,1,7)"
2024-07-10,2357.94,2526.8144814898124,1,"SARIMAX_+AR1_(1,1,1)(0,1,1,7)"
2024-07-11,2660.77,2845.4919161334474,1,"SARIMAX_+AR1_(1,1,1)(0,1,1,7)"
2024-07-12,3434.05,3808.3824705009847,1,"SARIMAX_+AR1_(1,1,1)(0,1,1,7)"
2024-07-13,4701.75,4438.3245417429225,1,"SARIMAX_+AR1_(1,1,1)(0,1,1,7)"
2024-07-14,3326.39,3139.1629996902147,1,"SARIMAX_+AR1_(1,1,1)(0,1,1,7)"
2024-07-15,2357.82,2306.0377174534196,1,"SARIMAX_+AR1_(1,1,1)(0,1,1,7)"
2024-07-16,2496.26,2195.9852137609546,1,"SARIMAX_+AR1_(1,1,1)(0,1,1,7)"
2024-07-17,2414.34,2548.910577008769,2,"SARIMAX_+AR1_(1,1,1)(0,1,1,7)"
2024-07-18,3412.96,2871.6942536112215,2,"SARIMAX_+AR1_(1,1,1)(0,1,1,7)"
2024-07-19,3673.88,3833.083618066526,2,"SARIMAX_+AR1_(1,1,1)(0,1,1,7)"
2024-07-20,4323.68,4467.984038198367,2,"SARIMAX_+AR1_(1,1,1)(0,1,1,7)"
2024-07-21,2935.82,3168.211530398761,2,"SARIMAX_+AR1_(1,1,1)(0,1,1,7)"
2024-07-22,2293.76,2334.0044532761244,2,"SARIMAX_+AR1_(1,1,1)(0,1,1,7)"
2024-07-23,2264.38,2225.8191835540074,2,"SARIMAX_+AR1_(1,1,1)(0,1,1,7)"
2024-07-24,2395.51,2538.906118850557,3,"SARIMAX_+AR1_(1,1,1)(0,1,1,7)"
2024-07-25,3098.16,2863.4869814064177,3,"SARIMAX_+AR1_(1,1,1)(0,1,1,7)"
2024-07-26,3778.58,3819.6638759398716,3,"SARIMAX_+AR1_(1,1,1)(0,1,1,7)"
2024-07-27,4293.64,4454.577934696311,3,"SARIMAX_+AR1_(1,1,1)(0,1,1,7)"
2024-07-28,2779.78,3154.1818844447675,3,"SARIMAX_+AR1_(1,1,1)(0,1,1,7)"
2024-07-29,2266.29,2321.4541205314317,3,"SARIMAX_+AR1_(1,1,1)(0,1,1,7)"
2024-07-30,2065.62,2213.8564383657094,3,"SARIMAX_+AR1_(1,1,1)(0,1,1,7)"
2024-07-31,2267.21,2484.0470582753305,4,"SARIMAX_+AR1_(1,1,1)(0,1,1,7)"
2024-08-01,2512.01,2808.9713744887745,4,"SARIMAX_+AR1_(1,1,1)(0,1,1,7)"
2024-08-02,5013.51,4097.1427280774005,4,"SARIMAX_+AR1_(1,1,1)(0,1,1,7)"
2024-08-03,4081.11,4397.0725895707465,4,"SARIMAX_+AR1_(1,1,1)(0,1,1,7)"
2024-08-04,2920.94,3404.2352120949445,4,"SARIMAX_+AR1_(1,1,1)(0,1,1,7)"
2024-08-05,2039.19,2264.7941228488557,4,"SARIMAX_+AR1_(1,1,1)(0,1,1,7)"
2024-08-06,2046.89,2156.5057855643813,4,"SARIMAX_+AR1_(1,1,1)(0,1,1,7)"
2024-08-07,2453.8,2420.741914456911,5,"SARIMAX_+AR1_(1,1,1)(0,1,1,7)"
2024-08-08,2764.15,2746.2892676894376,5,"SARIMAX_+AR1_(1,1,1)(0,1,1,7)"
2024-08-09,3839.63,3709.510725609165,5,"SARIMAX_+AR1_(1,1,1)(0,1,1,7)"
2024-08-10,4112.37,4457.4912867590365,5,"SARIMAX_+AR1_(1,1,1)(0,1,1,7)"
2024-08-11,3175.27,3171.1564770083287,5,"SARIMAX_+AR1_(1,1,1)(0,1,1,7)"
2024-08-12,1981.09,2201.8004353045944,5,"SARIMAX_+AR1_(1,1,1)(0,1,1,7)"
2024-08-13,1926.11,2094.2695050981893,5,"SARIMAX_+AR1_(1,1,1)(0,1,1,7)"
2024-08-14,2409.69,2704.471785853428,6,"SARIMAX_+AR1_(1,1,1)(0,1,1,7)"
2024-08-15,2370.21,2696.673717070462,6,"SARIMAX_+AR1_(1,1,1)(0,1,1,7)"
2024-08-16,3923.54,3660.8123199842425,6,"SARIMAX_+AR1_(1,1,1)(0,1,1,7)"
2024-08-17,4734.57,4528.507967104031,6,"SARIMAX_+AR1_(1,1,1)(0,1,1,7)"
2024-08-18,3136.3,2976.3711988758832,6,"SARIMAX_+AR1_(1,1,1)(0,1,1,7)"
2024-08-19,2354.16,2467.4416632667903,6,"SARIMAX_+AR1_(1,1,1)(0,1,1,7)"
2024-08-20,2127.2,2042.7356301329908,6,"SARIMAX_+AR1_(1,1,1)(0,1,1,7)"
2024-08-21,1975.72,2376.9323249451722,7,"SARIMAX_+AR1_(1,1,1)(0,1,1,7)"
2024-08-22,2776.22,2704.7805679098065,7,"SARIMAX_+AR1_(1,1,1)(0,1,1,7)"
2024-08-23,3645.08,3673.1340408567717,7,"SARIMAX_+AR1_(1,1,1)(0,1,1,7)"
2024-08-24,5018.45,4753.796894701112,7,"SARIMAX_+AR1_(1,1,1)(0,1,1,7)"
2024-08-25,2976.8,2988.1965262822814,7,"SARIMAX_+AR1_(1,1,1)(0,1,1,7)"
2024-08-26,2498.31,2668.859713712693,7,"SARIMAX_+AR1_(1,1,1)(0,1,1,7)"
2024-08-27,1746.42,2053.827979943367,7,"SARIMAX_+AR1_(1,1,1)(0,1,1,7)"
2024-08-28,2152.0,2334.5253550640564,8,"SARIMAX_+AR1_(1,1,1)(0,1,1,7)"
2024-08-29,2696.46,2659.31226571035,8,"SARIMAX_+AR1_(1,1,1)(0,1,1,7)"
2024-08-30,3775.37,3626.973454908064,8,"SARIMAX_+AR1_(1,1,1)(0,1,1,7)"
2024-08-31,4249.67,4720.7220537662,8,"SARIMAX_+AR1_(1,1,1)(0,1,1,7)"
2024-09-01,2648.51,2941.8268096280763,8,"SARIMAX_+AR1_(1,1,1)(0,1,1,7)"
2024-09-02,1952.45,2111.6430745596326,8,"SARIMAX_+AR1_(1,1,1)(0,1,1,7)"
2024-09-03,2250.79,2497.2562950958836,8,"SARIMAX_+AR1_(1,1,1)(0,1,1,7)"
2024-09-04,2021.9,2235.031561746805,9,"SARIMAX_+AR1_(1,1,1)(0,1,1,7)"
2024-09-05,2275.58,2563.6978529511125,9,"SARIMAX_+AR1_(1,1,1)(0,1,1,7)"
2024-09-06,3331.84,3532.1772542961476,9,"SARIMAX_+AR1_(1,1,1)(0,1,1,7)"
2024-09-07,4319.91,4295.925574989087,9,"SARIMAX_+AR1_(1,1,1)(0,1,1,7)"
2024-09-08,2772.97,3035.049426080296,9,"SARIMAX_+AR1_(1,1,1)(0,1,1,7)"
2024-09-09,2043.54,2014.9559437562637,9,"SARIMAX_+AR1_(1,1,1)(0,1,1,7)"
2024-09-10,2127.69,1907.8963785849908,9,"SARIMAX_+AR1_(1,1,1)(0,1,1,7)"
2024-09-11,2025.16,2189.3640483070876,10,"SARIMAX_+AR1_(1,1,1)(0,1,1,7)"
2024-09-12,2517.38,2524.7323927992315,10,"SARIMAX_+AR1_(1,1,1)(0,1,1,7)"
2024-09-13,3850.55,3493.6734920192657,10,"SARIMAX_+AR1_(1,1,1)(0,1,1,7)"
2024-09-14,3922.22,4107.84783388783,10,"SARIMAX_+AR1_(1,1,1)(0,1,1,7)"
2024-09-15,2966.73,3049.931828157187,10,"SARIMAX_+AR1_(1,1,1)(0,1,1,7)"
2024-09-16,2406.74,2174.6920330765447,10,"SARIMAX_+AR1_(1,1,1)(0,1,1,7)"
2024-09-17,1908.09,1872.6864887481947,10,"SARIMAX_+AR1_(1,1,1)(0,1,1,7)"
2024-09-18,2454.75,2211.209515014336,11,"SARIMAX_+AR1_(1,1,1)(0,1,1,7)"
2024-09-19,2642.64,2543.4330138022715,11,"SARIMAX_+AR1_(1,1,1)(0,1,1,7)"
2024-09-20,3457.03,3515.0603141042393,11,"SARIMAX_+AR1_(1,1,1)(0,1,1,7)"
2024-09-21,4759.41,4484.182903099687,11,"SARIMAX_+AR1_(1,1,1)(0,1,1,7)"
2024-09-22,3338.5,3209.35770946736,11,"SARIMAX_+AR1_(1,1,1)(0,1,1,7)"
2024-09-23,2221.25,1998.1701957323191,11,"SARIMAX_+AR1_(1,1,1)(0,1,1,7)"
2024-09-24,1867.62,1891.4539417717333,11,"SARIMAX_+AR1_(1,1,1)(0,1,1,7)"
2024-09-25,2260.55,2279.8538183238065,12,"SARIMAX_+AR1_(1,1,1)(0,1,1,7)"
2024-09-26,2845.83,2945.0803317287096,12,"SARIMAX_+AR1_(1,1,1)(0,1,1,7)"
2024-09-27,3753.06,3579.793375418623,12,"SARIMAX_+AR1_(1,1,1)(0,1,1,7)"
2024-09-28,3720.49,4189.100153495014,12,"SARIMAX_+AR1_(1,1,1)(0,1,1,7)"
2024-09-29,3447.21,3215.40598675244,12,"SARIMAX_+AR1_(1,1,1)(0,1,1,7)"
2024-09-30,2129.57,2064.487166719285,12,"SARIMAX_+AR1_(1,1,1)(0,1,1,7)"
2024-10-01,1747.34,1956.0195511401876,12,"SARIMAX_+AR1_(1,1,1)(0,1,1,7)"
2024-10-02,2471.09,2256.0682942636026,13,"SARIMAX_+AR1_(1,1,1)(0,1,1,7)"
2024-10-03,3227.12,2792.475445037578,13,"SARIMAX_+AR1_(1,1,1)(0,1,1,7)"
2024-10-04,3838.64,3555.27480752473,13,"SARIMAX_+AR1_(1,1,1)(0,1,1,7)"
2024-10-05,4782.52,4331.902245501543,13,"SARIMAX_+AR1_(1,1,1)(0,1,1,7)"
2024-10-06,2874.08,2861.4407956994187,13,"SARIMAX_+AR1_(1,1,1)(0,1,1,7)"
2024-10-07,1781.91,2038.732315612046,13,"SARIMAX_+AR1_(1,1,1)(0,1,1,7)"
2024-10-08,1858.94,2253.767417364911,13,"SARIMAX_+AR1_(1,1,1)(0,1,1,7)"
2024-10-09,2302.29,2286.937282136084,14,"SARIMAX_+AR1_(1,1,1)(0,1,1,7)"
2024-10-10,2435.86,2612.5617840795694,14,"SARIMAX_+AR1_(1,1,1)(0,1,1,7)"
2024-10-11,3297.44,3584.3158171352,14,"SARIMAX_+AR1_(1,1,1)(0,1,1,7)"
2024-10-12,4558.33,4550.8433022137615,14,"SARIMAX_+AR1_(1,1,1)(0,1,1,7)"
2024-10-13,3000.44,2885.493347212924,14,"SARIMAX_+AR1_(1,1,1)(0,1,1,7)"
2024-10-14,1821.2,2062.9993326819335,14,"SARIMAX_+AR1_(1,1,1)(0,1,1,7)"
2024-10-15,1891.43,1951.8422918183537,14,"SARIMAX_+AR1_(1,1,1)(0,1,1,7)"
2024-10-16,2536.57,2233.951249727834,15,"SARIMAX_+AR1_(1,1,1)(0,1,1,7)"
2024-10-17,2344.02,2564.8989932488084,15,"SARIMAX_+AR1_(1,1,1)(0,1,1,7)"
2024-10-18,3814.34,3535.7913207425017,15,"SARIMAX_+AR1_(1,1,1)(0,1,1,7)"
2024-10-19,4335.3,4451.513319008198,15,"SARIMAX_+AR1_(1,1,1)(0,1,1,7)"
2024-10-20,3271.9,3111.0217710475154,15,"SARIMAX_+AR1_(1,1,1)(0,1,1,7)"
2024-10-21,2253.7,2014.7201330171836,15,"SARIMAX_+AR1_(1,1,1)(0,1,1,7)"
2024-10-22,2091.09,1904.8833989270452,15,"SARIMAX_+AR1_(1,1,1)(0,1,1,7)"
2024-10-23,2441.98,2301.481080441563,16,"SARIMAX_+AR1_(1,1,1)(0,1,1,7)"
2024-10-24,2341.4,2631.2418405639673,16,"SARIMAX_+AR1_(1,1,1)(0,1,1,7)"
2024-10-25,3900.9,3605.4888512561424,16,"SARIMAX_+AR1_(1,1,1)(0,1,1,7)"
2024-10-26,3806.15,4205.295977717617,16,"SARIMAX_+AR1_(1,1,1)(0,1,1,7)"
2024-10-27,3234.71,3192.069053189927,16,"SARIMAX_+AR1_(1,1,1)(0,1,1,7)"
2024-10-28,2134.72,2084.2886423841433,16,"SARIMAX_+AR1_(1,1,1)(0,1,1,7)"
2024-10-29,2413.42,2432.068083039753,16,"SARIMAX_+AR1_(1,1,1)(0,1,1,7)"
2024-10-30,2361.21,2291.967296508865,17,"SARIMAX_+AR1_(1,1,1)(0,1,1,7)"
2024-10-31,2427.75,2616.5464802739443,17,"SARIMAX_+AR1_(1,1,1)(0,1,1,7)"
2024-11-01,3218.43,3594.8401995349195,17,"SARIMAX_+AR1_(1,1,1)(0,1,1,7)"
2024-11-02,4889.13,4509.752019121234,17,"SARIMAX_+AR1_(1,1,1)(0,1,1,7)"
2024-11-03,3317.39,3240.0017721242893,17,"SARIMAX_+AR1_(1,1,1)(0,1,1,7)"
2024-11-04,2546.25,2358.149409338724,17,"SARIMAX_+AR1_(1,1,1)(0,1,1,7)"
2024-11-05,2022.09,1961.1057805731575,17,"SARIMAX_+AR1_(1,1,1)(0,1,1,7)"
2024-11-06,2072.94,2316.6150049779726,18,"SARIMAX_+AR1_(1,1,1)(0,1,1,7)"
2024-11-07,2846.15,2640.736080295043,18,"SARIMAX_+AR1_(1,1,1)(0,1,1,7)"
2024-11-08,3540.66,3617.8608534746404,18,"SARIMAX_+AR1_(1,1,1)(0,1,1,7)"
2024-11-09,4715.28,4521.703998813394,18,"SARIMAX_+AR1_(1,1,1)(0,1,1,7)"
2024-11-10,2809.95,2919.8366811544865,18,"SARIMAX_+AR1_(1,1,1)(0,1,1,7)"
2024-11-11,2456.94,2097.9067226446223,18,"SARIMAX_+AR1_(1,1,1)(0,1,1,7)"
2024-11-12,1933.71,1986.3461145549234,18,"SARIMAX_+AR1_(1,1,1)(0,1,1,7)"
2024-11-13,2323.64,2346.3698194590797,19,"SARIMAX_+AR1_(1,1,1)(0,1,1,7)"
2024-11-14,2720.19,2670.51228648747,19,"SARIMAX_+AR1_(1,1,1)(0,1,1,7)"
2024-11-15,3382.42,3645.7840887011084,19,"SARIMAX_+AR1_(1,1,1)(0,1,1,7)"
2024-11-16,4749.71,4533.486769007837,19,"SARIMAX_+AR1_(1,1,1)(0,1,1,7)"
2024-11-17,3613.91,3133.589783689112,19,"SARIMAX_+AR1_(1,1,1)(0,1,1,7)"
2024-11-18,2315.84,2366.6186022297643,19,"SARIMAX_+AR1_(1,1,1)(0,1,1,7)"
2024-11-19,2214.23,2014.6242902366507,19,"SARIMAX_+AR1_(1,1,1)(0,1,1,7)"
2024-11-20,1916.66,2397.4242792096916,20,"SARIMAX_+AR1_(1,1,1)(0,1,1,7)"
2024-11-21,3015.49,3003.9675450807013,20,"SARIMAX_+AR1_(1,1,1)(0,1,1,7)"
2024-11-22,3684.64,3700.8988358738056,20,"SARIMAX_+AR1_(1,1,1)(0,1,1,7)"
2024-11-23,4352.31,4560.397795414322,20,"SARIMAX_+AR1_(1,1,1)(0,1,1,7)"
2024-11-24,3819.2,3388.327048499891,20,"SARIMAX_+AR1_(1,1,1)(0,1,1,7)"
2024-11-25,2253.46,2185.431966428752,20,"SARIMAX_+AR1_(1,1,1)(0,1,1,7)"
2024-11-26,2527.48,2501.9167696376453,20,"SARIMAX_+AR1_(1,1,1)(0,1,1,7)"
2024-11-27,2460.79,2401.838589835491,21,"SARIMAX_+AR1_(1,1,1)(0,1,1,7)"
2024-11-28,2412.23,2732.3721273103038,21,"SARIMAX_+AR1_(1,1,1)(0,1,1,7)"
2024-11-29,3511.23,3705.273520884973,21,"SARIMAX_+AR1_(1,1,1)(0,1,1,7)"
2024-11-30,4708.68,4306.939172342733,21,"SARIMAX_+AR1_(1,1,1)(0,1,1,7)"
2024-12-01,2646.54,3015.9466649453293,21,"SARIMAX_+AR1_(1,1,1)(0,1,1,7)"
2024-12-02,2466.57,2476.597510947623,21,"SARIMAX_+AR1_(1,1,1)(0,1,1,7)"
2024-12-03,2409.09,2317.082156139457,21,"SARIMAX_+AR1_(1,1,1)(0,1,1,7)"
2024-12-04,3198.68,2602.4563621044963,22,"SARIMAX_+AR1_(1,1,1)(0,1,1,7)"
2024-12-05,3107.38,2710.067815144855,22,"SARIMAX_+AR1_(1,1,1)(0,1,1,7)"
2024-12-06,3761.81,3683.7639015121817,22,"SARIMAX_+AR1_(1,1,1)(0,1,1,7)"
2024-12-07,5203.68,4477.522364698776,22,"SARIMAX_+AR1_(1,1,1)(0,1,1,7)"
2024-12-08,3459.9,3365.9193466052748,22,"SARIMAX_+AR1_(1,1,1)(0,1,1,7)"
2024-12-09,2662.85,2170.026260178378,22,"SARIMAX_+AR1_(1,1,1)(0,1,1,7)"
2024-12-10,2113.75,2057.685180698051,22,"SARIMAX_+AR1_(1,1,1)(0,1,1,7)"
2024-12-11,2908.44,2567.6573287780407,23,"SARIMAX_+AR1_(1,1,1)(0,1,1,7)"
2024-12-12,2887.61,2890.400270202551,23,"SARIMAX_+AR1_(1,1,1)(0,1,1,7)"
2024-12-13,3661.59,3862.2306427469907,23,"SARIMAX_+AR1_(1,1,1)(0,1,1,7)"
2024-12-14,4800.68,4732.365817717102,23,"SARIMAX_+AR1_(1,1,1)(0,1,1,7)"
2024-12-15,3577.36,3364.3055815204534,23,"SARIMAX_+AR1_(1,1,1)(0,1,1,7)"
2024-12-16,2593.56,2594.3161385238286,23,"SARIMAX_+AR1_(1,1,1)(0,1,1,7)"
2024-12-17,2674.92,2443.1734848329374,23,"SARIMAX_+AR1_(1,1,1)(0,1,1,7)"
2024-12-18,2576.17,2615.5293590452993,24,"SARIMAX_+AR1_(1,1,1)(0,1,1,7)"
2024-12-19,3150.53,2945.1716967495013,24,"SARIMAX_+AR1_(1,1,1)(0,1,1,7)"
2024-12-20,4141.35,3915.397267920076,24,"SARIMAX_+AR1_(1,1,1)(0,1,1,7)"
2024-12-21,4779.42,4739.063419279166,24,"SARIMAX_+AR1_(1,1,1)(0,1,1,7)"
2024-12-22,3474.05,3505.477450187509,24,"SARIMAX_+AR1_(1,1,1)(0,1,1,7)"
2024-12-23,2518.12,2405.65799893436,24,"SARIMAX_+AR1_(1,1,1)(0,1,1,7)"
2024-12-24,2486.61,2292.171869713697,24,"SARIMAX_+AR1_(1,1,1)(0,1,1,7)"
2024-12-25,2180.93,3191.3173400274163,25,"SARIMAX_+AR1_(1,1,1)(0,1,1,7)"
2024-12-26,4464.62,3521.3326290539967,25,"SARIMAX_+AR1_(1,1,1)(0,1,1,7)"
2024-12-27,4265.62,3977.1200941104894,25,"SARIMAX_+AR1_(1,1,1)(0,1,1,7)"
2024-12-28,5544.85,4586.499266944881,25,"SARIMAX_+AR1_(1,1,1)(0,1,1,7)"
2024-12-29,3614.67,3513.858035503034,25,"SARIMAX_+AR1_(1,1,1)(0,1,1,7)"
2024-12-30,2516.53,2466.5200092732557,25,"SARIMAX_+AR1_(1,1,1)(0,1,1,7)"
2024-12-31,2439.55,2353.624438064499,25,"SARIMAX_+AR1_(1,1,1)(0,1,1,7)"
2024-07-03,2496.66,2480.062426124467,0,Prophet
2024-07-04,2894.96,2795.2384284957207,0,Prophet
2024-07-05,3578.67,3758.596059832117,0,Prophet
2024-07-06,4423.26,4375.56133090744,0,Prophet
2024-07-07,3258.2,3072.5580223754087,0,Prophet
2024-07-08,2166.64,2243.5793593652143,0,Prophet
2024-07-09,2194.66,2130.148895927775,0,Prophet
2024-07-10,2357.94,2468.037476619645,1,Prophet
2024-07-11,2660.77,2784.7597631394947,1,Prophet
2024-07-12,3434.05,3746.7772013981325,1,Prophet
2024-07-13,4701.75,4366.207662178301,1,Prophet
2024-07-14,3326.39,3064.698669032162,1,Prophet
2024-07-15,2357.82,2233.981303445951,1,Prophet
2024-07-16,2496.26,2121.726329113021,1,Prophet
2024-07-17,2414.34,2467.4493912188823,2,Prophet
2024-07-18,3412.96,2783.818145654604,2,Prophet
2024-07-19,3673.88,3744.0528937107692,2,Prophet
2024-07-20,4323.68,4369.561124372036,2,Prophet
2024-07-21,2935.82,3066.2969589940426,2,Prophet
2024-07-22,2293.76,2232.7240342647883,2,Prophet
2024-07-23,2264.38,2121.183279671015,2,Prophet
2024-07-24,2395.51,2461.2059569728253,3,Prophet
2024-07-25,3098.16,2780.8785663926524,3,Prophet
2024-07-26,3778.58,3733.814573285908,3,Prophet
2024-07-27,4293.64,4356.282552211245,3,Prophet
2024-07-28,2779.78,3050.659261434352,3,Prophet
2024-07-29,2266.29,2216.955168000301,3,Prophet
2024-07-30,2065.62,2104.19763239058,3,Prophet
2024-07-31,2267.21,2426.3769180975737,4,Prophet
2024-08-01,2512.01,2747.492956704284,4,Prophet
2024-08-02,5013.51,4036.318280304034,4,Prophet
2024-08-03,4081.11,4317.104935194702,4,Prophet
2024-08-04,2920.94,3326.0548793055136,4,Prophet
2024-08-05,2039.19,2177.9185918126873,4,Prophet
2024-08-06,2046.89,2064.125455142276,4,Prophet
2024-08-07,2453.8,2378.636673232753,5,Prophet
2024-08-08,2764.15,2699.8706338188385,5,Prophet
2024-08-09,3839.63,3658.8369292682346,5,Prophet
2024-08-10,4112.37,4419.604482475009,5,Prophet
2024-08-11,3175.27,3126.4951379669424,5,Prophet
2024-08-12,1981.09,2131.457558985475,5,Prophet
2024-08-13,1926.11,2018.9538037057482,5,Prophet
2024-08-14,2409.69,2673.101887803513,6,Prophet
2024-08-15,2370.21,2658.4485577769537,6,Prophet
2024-08-16,3923.54,3618.810497266793,6,Prophet
2024-08-17,4734.57,4485.561981430763,6,Prophet
2024-08-18,3136.3,2918.16398864211,6,Prophet
2024-08-19,2354.16,2413.5208437959336,6,Prophet
2024-08-20,2127.2,1978.5823393834467,6,Prophet
2024-08-21,1975.72,2312.5495385160734,7,Prophet
2024-08-22,2776.22,2634.3905605728196,7,Prophet
2024-08-23,3645.08,3599.381949729343,7,Prophet
2024-08-24,5018.45,4661.269949326465,7,Prophet
2024-08-25,2976.8,2899.601083995048,7,Prophet
2024-08-26,2498.31,2575.904146108542,7,Prophet
2024-08-27,1746.42,1958.750710362673,7,Prophet
2024-08-28,2152.0,2276.2582712404896,8,Prophet
2024-08-29,2696.46,2601.778497295101,8,Prophet
2024-08-30,3775.37,3566.2490048562813,8,Prophet
2024-08-31,4249.67,4643.97779840283,8,Prophet
2024-09-01,2648.51,2867.414220366081,8,Prophet
2024-09-02,1952.45,2037.0575801073492,8,Prophet
2024-09-03,2250.79,2410.888100194003,8,Prophet
2024-09-04,2021.9,2231.7365272572997,9,Prophet
2024-09-05,2275.58,2560.9982639721793,9,Prophet
2024-09-06,3331.84,3529.2666411624364,9,Prophet
2024-09-07,4319.91,4307.465422477407,9,Prophet
2024-09-08,2772.97,3041.3898974517965,9,Prophet
2024-09-09,2043.54,2009.9733523199643,9,Prophet
2024-09-10,2127.69,1904.3527838876223,9,Prophet
2024-09-11,2025.16,2217.471599379879,10,Prophet
2024-09-12,2517.38,2552.2539535509227,10,Prophet
2024-09-13,3850.55,3527.2459068903304,10,Prophet
2024-09-14,3922.22,4140.974376324253,10,Prophet
2024-09-15,2966.73,3098.560660303129,10,Prophet
2024-09-16,2406.74,2236.866149583562,10,Prophet
2024-09-17,1908.09,1928.2698661092672,10,Prophet
2024-09-18,2454.75,2254.664947624717,11,Prophet
2024-09-19,2642.64,2594.4119031006553,11,Prophet
2024-09-20,3457.03,3575.0209477679596,11,Prophet
2024-09-21,4759.41,4549.413343723854,11,Prophet
2024-09-22,3338.5,3280.1689350910697,11,Prophet
2024-09-23,2221.25,2078.35016739008,11,Prophet
2024-09-24,1867.62,1978.0991129048352,11,Prophet
2024-09-25,2260.55,2315.7643207581377,12,Prophet
2024-09-26,2845.83,2989.5214124636436,12,Prophet
2024-09-27,3753.06,3628.745697601915,12,Prophet
2024-09-28,3720.49,4239.200898848987,12,Prophet
2024-09-29,3447.21,3269.19324340492,12,Prophet
2024-09-30,2129.57,2121.1372535809246,12,Prophet
2024-10-01,1747.34,2013.5032792404427,12,Prophet
2024-10-02,2471.09,2321.9513879997894,13,Prophet
2024-10-03,3227.12,2870.654973004724,13,Prophet
2024-10-04,3838.64,3626.5734703365188,13,Prophet
2024-10-05,4782.52,4408.238622379079,13,Prophet
2024-10-06,2874.08,2925.952414644734,13,Prophet
2024-10-07,1781.91,2104.142434110353,13,Prophet
2024-10-08,1858.94,2318.401274135657,13,Prophet
2024-10-09,2302.29,2315.330803963757,14,Prophet
2024-10-10,2435.86,2643.7822079948373,14,Prophet
2024-10-11,3297.44,3612.8034816767617,14,Prophet
2024-10-12,4558.33,4569.8263123471115,14,Prophet
2024-10-13,3000.44,2904.7440026898585,14,Prophet
2024-10-14,1821.2,2079.8145199540463,14,Prophet
2024-10-15,1891.43,1964.6316559543052,14,Prophet
2024-10-16,2536.57,2275.3521335493074,15,Prophet
2024-10-17,2344.02,2604.3534778514927,15,Prophet
2024-10-18,3814.34,3575.193529929848,15,Prophet
2024-10-19,4335.3,4488.380157424491,15,Prophet
2024-10-20,3271.9,3148.533570848731,15,Prophet
2024-10-21,2253.7,2053.743830453409,15,Prophet
2024-10-22,2091.09,1945.1103615569705,15,Prophet
2024-10-23,2441.98,2290.7770289835817,16,Prophet
2024-10-24,2341.4,2620.5387396066867,16,Prophet
2024-10-25,3900.9,3599.0681782474503,16,Prophet
2024-10-26,3806.15,4202.637872940602,16,Prophet
2024-10-27,3234.71,3190.73845092049,16,Prophet
2024-10-28,2134.72,2088.920806405888,16,Prophet
2024-10-29,2413.42,2430.2913503091,16,Prophet
2024-10-30,2361.21,2316.123768323431,17,Prophet
2024-10-31,2427.75,2645.735863458395,17,Prophet
2024-11-01,3218.43,3630.606516075164,17,Prophet
2024-11-02,4889.13,4548.987286466598,17,Prophet
2024-11-03,3317.39,3282.0631402227573,17,Prophet
2024-11-04,2546.25,2410.4799847902927,17,Prophet
2024-11-05,2022.09,2019.2563831156015,17,Prophet
2024-11-06,2072.94,2356.0700969957898,18,Prophet
2024-11-07,2846.15,2685.5601449824676,18,Prophet
2024-11-08,3540.66,3670.643029289313,18,Prophet
2024-11-09,4715.28,4579.300485950808,18,Prophet
2024-11-10,2809.95,2985.9847154382906,18,Prophet
2024-11-11,2456.94,2171.719818398986,18,Prophet
2024-11-12,1933.71,2067.214864077358,18,Prophet
2024-11-13,2323.64,2402.8981410767096,19,Prophet
2024-11-14,2720.19,2737.117111212421,19,Prophet
2024-11-15,3382.42,3722.1641039266306,19,Prophet
2024-11-16,4749.71,4618.424508474976,19,Prophet
2024-11-17,3613.91,3231.3939633781856,19,Prophet
2024-11-18,2315.84,2472.704715440789,19,Prophet
2024-11-19,2214.23,2128.1972947204936,19,Prophet
2024-11-20,1916.66,2470.8371817795046,20,Prophet
2024-11-21,3015.49,3085.9812862394715,20,Prophet
2024-11-22,3684.64,3794.4838973791393,20,Prophet
2024-11-23,4352.31,4667.385258262997,20,Prophet
2024-11-24,3819.2,3499.503500036243,20,Prophet
2024-11-25,2253.46,2315.214537099017,20,Prophet
2024-11-26,2527.48,2636.8649217202487,20,Prophet
2024-11-27,2460.79,2537.8146004697273,21,Prophet
2024-11-28,2412.23,2881.6221203803257,21,Prophet
2024-11-29,3511.23,3869.993641929963,21,Prophet
2024-11-30,4708.68,4484.357607992628,21,Prophet
2024-12-01,2646.54,3206.3438590455667,21,Prophet
2024-12-02,2466.57,2684.6473699595836,21,Prophet
2024-12-03,2409.09,2540.756434750062,21,Prophet
2024-12-04,3198.68,2820.106721038685,22,Prophet
2024-12-05,3107.38,2933.0704119064244,22,Prophet
2024-12-06,3761.81,3921.3180464781053,22,Prophet
2024-12-07,5203.68,4733.119782066908,22,Prophet
2024-12-08,3459.9,3621.86660850983,22,Prophet
2024-12-09,2662.85,2442.8423961884464,22,Prophet
2024-12-10,2113.75,2340.030430155157,22,Prophet
2024-12-11,2908.44,2693.5473011534104,23,Prophet
2024-12-12,2887.61,3026.896841071235,23,Prophet
2024-12-13,3661.59,4005.8814168320077,23,Prophet
2024-12-14,4800.68,4884.094774263485,23,Prophet
2024-12-15,3577.36,3525.0043347148167,23,Prophet
2024-12-16,2593.56,2753.9072853537573,23,Prophet
2024-12-17,2674.92,2606.114098352966,23,Prophet
2024-12-18,2576.17,2711.46612478166,24,Prophet
2024-12-19,3150.53,3032.6879216930092,24,Prophet
2024-12-20,4141.35,4000.4621103133236,24,Prophet
2024-12-21,4779.42,4825.129404049251,24,Prophet
2024-12-22,3474.05,3579.36998327572,24,Prophet
2024-12-23,2518.12,2470.088989154221,24,Prophet
2024-12-24,2486.61,2347.2132046689144,24,Prophet
2024-12-25,2180.93,3172.7272333274664,25,Prophet
2024-12-26,4464.62,3487.1776161364787,25,Prophet
2024-12-27,4265.62,3948.686251721513,25,Prophet
2024-12-28,5544.85,4543.374339483766,25,Prophet
2024-12-29,3614.67,3462.014391857184,25,Prophet
2024-12-30,2516.53,2397.2772609041476,25,Prophet
2024-12-31,2439.55,2268.454005196965,25,Prophet
